Symbol,EntryDate,EntryPrice,Quantity,Capital,ExitDate,ExitPrice,PnL,PnL%,DaysHeld,ExitReason,TrackType
ALLCARGO,2026-06-16,9.18,1089,9997.02,2026-06-24,8.24,-1023.66,-10.24,8,Stop loss hit (8.26),Paper
SUPREMEIND,2026-06-11,3488.5,2,6977.0,2026-06-25,3433.5,-110.0,-1.58,14,Both lines flipped bearish — trend reversal,Paper
PARAGMILK,2026-06-15,233.5,42,9807.0,2026-06-25,236.0,105.0,1.07,10,Both lines flipped bearish — trend reversal,Paper
CSBBANK,2026-06-16,372.8,26,9692.8,2026-06-25,326.8,-1196.0,-12.34,9,Stop loss hit (335.52),Paper
COALINDIA,2026-06-18,455.75,21,9570.75,2026-06-25,434.05,-455.7,-4.76,7,Both lines flipped bearish — trend reversal,Paper
ASTRAL,2026-06-11,1501.5,6,9009.0,2026-06-26,1486.9,-87.6,-0.97,15,Both lines flipped bearish — trend reversal,Paper
GILLETTE,2026-06-15,7726.0,1,7726.0,2026-06-30,7561.0,-165.0,-2.14,15,Both lines flipped bearish — trend reversal,Paper
CANBK,2026-06-11,133.46,74,9876.04,2026-07-02,126.28,-531.32,-5.38,21,Both lines flipped bearish — trend reversal,Paper
INTELLECT,2026-06-11,746.45,13,9703.85,2026-07-02,726.0,-265.85,-2.74,21,Both lines flipped bearish — trend reversal,Paper
FORTIS,2026-06-24,972.1,10,9721.0,2026-07-02,949.05,-230.5,-2.37,8,Both lines flipped bearish — trend reversal,Paper
THERMAX,2026-06-30,5125.1,1,5125.1,2026-07-06,4607.5,-517.6,-10.1,6,Stop loss hit (4612.59),Paper
IGL,2026-06-16,169.62,58,9837.96,2026-07-07,152.22,-1009.2,-10.26,21,Stop loss hit (152.66),Paper
MRPL,2026-06-11,163.62,61,9980.82,2026-07-08,146.49,-1044.93,-10.47,27,Both lines flipped bearish — trend reversal,Paper
CAMPUS,2026-06-11,235.15,42,9876.3,2026-07-08,231.4,-157.5,-1.59,27,Both lines flipped bearish — trend reversal,Paper
TRENT,2026-07-03,3317.8,3,9953.4,2026-07-08,2927.8,-1170.0,-11.75,5,Stop loss hit (2986.02),Paper
FIEMIND,2026-06-11,2238.0,4,8952.0,2026-07-09,2180.7,-229.2,-2.56,28,Both lines flipped bearish — trend reversal,Paper
NEWGEN,2026-06-17,477.95,20,9559.0,2026-07-09,465.65,-246.0,-2.57,22,Both lines flipped bearish — trend reversal,Paper
SUNTV,2026-06-17,519.85,19,9877.15,2026-07-09,507.45,-235.6,-2.39,22,Both lines flipped bearish — trend reversal,Paper
TIMKEN,2026-06-22,3689.4,2,7378.8,2026-07-09,3260.9,-857.0,-11.61,17,Stop loss hit (3320.46),Paper
CENTRALBK,2026-06-24,32.5,307,9977.5,2026-07-09,31.25,-383.75,-3.85,15,Both lines flipped bearish — trend reversal,Paper
IOC,2026-07-03,141.62,70,9913.4,2026-07-09,137.63,-279.3,-2.82,6,Both lines flipped bearish — trend reversal,Paper
PETRONET,2026-07-03,275.2,36,9907.2,2026-07-09,271.6,-129.6,-1.31,6,Both lines flipped bearish — trend reversal,Paper
HUDCO,2026-06-16,209.54,47,9848.38,2026-07-10,204.81,-222.31,-2.26,24,Both lines flipped bearish — trend reversal,Paper
UCOBANK,2026-06-24,26.85,372,9988.2,2026-07-10,26.11,-275.28,-2.76,16,Both lines flipped bearish — trend reversal,Paper
BPCL,2026-07-03,310.45,32,9934.4,2026-07-10,308.2,-72.0,-0.72,7,Both lines flipped bearish — trend reversal,Paper
TATAINVEST,2026-07-03,667.55,14,9345.7,2026-07-10,684.85,242.2,2.59,7,Both lines flipped bearish — trend reversal,Paper
UNIONBANK,2026-06-11,166.45,60,9987.0,2026-07-13,164.51,-116.4,-1.17,32,Both lines flipped bearish — trend reversal,Paper
RATNAMANI,2026-06-18,2602.2,3,7806.6,2026-07-13,2693.8,274.8,3.52,25,Both lines flipped bearish — trend reversal,Paper
ITC,2026-06-25,291.15,34,9899.1,2026-07-13,281.75,-319.6,-3.23,18,Both lines flipped bearish — trend reversal,Paper
JIOFIN,2026-07-03,239.73,41,9828.93,2026-07-13,241.96,91.43,0.93,10,Both lines flipped bearish — trend reversal,Paper
GAIL,2026-06-15,170.5,58,9889.0,2026-07-14,173.12,151.96,1.54,29,Both lines flipped bearish — trend reversal,Paper
RELIANCE,2026-07-03,1303.5,7,9124.5,2026-07-14,1296.9,-46.2,-0.51,11,Both lines flipped bearish — trend reversal,Paper
IREDA,2026-07-03,128.58,77,9900.66,2026-07-14,124.81,-290.29,-2.93,11,Both lines flipped bearish — trend reversal,Paper
ZEEL,2026-06-11,102.93,97,9984.21,2026-07-15,103.12,18.43,0.18,34,Both lines flipped bearish — trend reversal,Paper
LANDMARK,2026-06-12,419.65,23,9651.95,2026-07-15,422.9,74.75,0.77,33,Both lines flipped bearish — trend reversal,Paper
MGL,2026-06-16,1139.0,8,9112.0,2026-07-15,1123.3,-125.6,-1.38,29,Both lines flipped bearish — trend reversal,Paper
CARERATING,2026-06-22,1713.3,5,8566.5,2026-07-15,1676.8,-182.5,-2.13,23,Both lines flipped bearish — trend reversal,Paper
TATACOMM,2026-06-23,2061.7,4,8246.8,2026-07-15,1835.4,-905.2,-10.98,22,Both lines flipped bearish — trend reversal,Paper
BDL,2026-07-03,1384.9,7,9694.3,2026-07-15,1277.8,-749.7,-7.73,12,Both lines flipped bearish — trend reversal,Paper
SCHAEFFLER,2026-07-03,4107.0,2,8214.0,2026-07-15,4134.7,55.4,0.67,12,Both lines flipped bearish — trend reversal,Paper
TORNTPOWER,2026-07-03,1394.3,7,9760.1,2026-07-15,1465.3,497.0,5.09,12,Both lines flipped bearish — trend reversal,Paper
VOLTAMP,2026-06-09,9951.0,1,9951.0,2026-07-16,9300.0,-651.0,-6.54,37,Both lines flipped bearish — trend reversal,Paper
PATELENG,2026-06-17,28.69,348,9984.12,2026-07-16,30.99,800.4,8.02,29,Both lines flipped bearish — trend reversal,Paper
MFSL,2026-06-25,1640.7,6,9844.2,2026-07-16,1611.6,-174.6,-1.77,21,Both lines flipped bearish — trend reversal,Paper
CRISIL,2026-07-01,4079.0,2,8158.0,2026-07-16,4053.7,-50.6,-0.62,15,Both lines flipped bearish — trend reversal,Paper
ENRIN,2026-07-03,3549.5,2,7099.0,2026-07-16,3497.4,-104.2,-1.47,13,Both lines flipped bearish — trend reversal,Paper
HDFCLIFE,2026-07-03,571.35,17,9712.95,2026-07-16,568.75,-44.2,-0.46,13,Both lines flipped bearish — trend reversal,Paper
SIEMENS,2026-07-03,3580.4,2,7160.8,2026-07-16,3510.3,-140.2,-1.96,13,Both lines flipped bearish — trend reversal,Paper
DMART,2026-07-06,3994.4,2,7988.8,2026-07-16,3929.3,-130.2,-1.63,10,Both lines flipped bearish — trend reversal,Paper
ORIENTHOT,2026-06-22,121.31,82,9947.42,2026-07-17,129.41,664.2,6.68,25,Both lines flipped bearish — trend reversal,Paper
KOTAKBANK,2026-06-24,401.65,24,9639.6,2026-07-17,377.15,-588.0,-6.1,23,Both lines flipped bearish — trend reversal,Paper
MOTHERSON,2026-06-25,149.29,66,9853.14,2026-07-17,143.65,-372.24,-3.78,22,Both lines flipped bearish — trend reversal,Paper
LT,2026-07-03,4059.4,2,8118.8,2026-07-17,3775.6,-567.6,-6.99,14,Both lines flipped bearish — trend reversal,Paper
HINDPETRO,2026-07-03,399.55,25,9988.75,2026-07-17,399.4,-3.75,-0.04,14,Both lines flipped bearish — trend reversal,Paper
TIINDIA,2026-07-03,3090.6,3,9271.8,2026-07-17,2939.7,-452.7,-4.88,14,Both lines flipped bearish — trend reversal,Paper
ICICIGI,2026-07-06,1772.8,5,8864.0,2026-07-17,1623.8,-745.0,-8.4,11,Both lines flipped bearish — trend reversal,Paper
EICHERMOT,2026-06-16,7624.5,1,7624.5,2026-07-20,7563.5,-61.0,-0.8,34,Both lines flipped bearish — trend reversal,Paper
OLECTRA,2026-06-22,1520.3,6,9121.8,2026-07-20,1346.7,-1041.6,-11.42,28,Stop loss hit (1368.27),Paper
VINATIORGA,2026-06-22,1333.9,7,9337.3,2026-07-20,1320.8,-91.7,-0.98,28,Both lines flipped bearish — trend reversal,Paper
NIACL,2026-06-25,185.3,53,9820.9,2026-07-20,174.82,-555.44,-5.66,25,Both lines flipped bearish — trend reversal,Paper
MAHABANK,2026-06-09,83.02,120,9962.4,2026-07-21,80.52,-300.0,-3.01,42,Both lines flipped bearish — trend reversal,Paper
GULFOILLUB,2026-06-17,992.95,10,9929.5,2026-07-21,999.8,68.5,0.69,34,Both lines flipped bearish — trend reversal,Paper
KEC,2026-06-16,512.75,19,9742.25,2026-07-22,490.8,-417.05,-4.28,36,Both lines flipped bearish — trend reversal,Paper
JSWENERGY,2026-06-30,586.25,17,9966.25,2026-07-22,566.2,-340.85,-3.42,22,Both lines flipped bearish — trend reversal,Paper
VOGL,2026-07-13,38.74,258,9994.92,2026-07-22,34.83,-1008.78,-10.09,9,Stop loss hit (34.87),Paper
FINEORG,2026-06-24,5100.0,1,5100.0,2026-07-23,4901.0,-199.0,-3.9,29,Both lines flipped bearish — trend reversal,Paper
JSWDULUX,2026-06-09,3168.1,3,9504.3,2026-07-24,3055.3,-338.4,-3.56,45,Both lines flipped bearish — trend reversal,Paper
VSTIND,2026-06-11,257.0,38,9766.0,2026-07-24,227.9,-1105.8,-11.32,43,Stop loss hit (231.3),Paper
MCX,2026-06-30,2914.5,3,8743.5,2026-07-24,2752.6,-485.7,-5.55,24,Both lines flipped bearish — trend reversal,Paper
BEL,2026-06-30,411.6,24,9878.4,2026-07-24,405.35,-150.0,-1.52,24,Both lines flipped bearish — trend reversal,Paper
MAZDOCK,2026-07-03,2555.0,3,7665.0,2026-07-24,2298.9,-768.3,-10.02,21,Stop loss hit (2299.5),Paper
NAM-INDIA,2026-07-03,1213.2,8,9705.6,2026-07-24,1105.8,-859.2,-8.85,21,Both lines flipped bearish — trend reversal,Paper
HINDUNILVR,2026-06-24,2160.1,4,8640.4,2026-07-27,2145.0,-60.4,-0.7,33,Both lines flipped bearish — trend reversal,Paper
RECLTD,2026-06-24,361.9,27,9771.3,2026-07-27,361.6,-8.1,-0.08,33,Both lines flipped bearish — trend reversal,Paper
YATHARTH,2026-06-24,853.3,11,9386.3,2026-07-27,838.8,-159.5,-1.7,33,Both lines flipped bearish — trend reversal,Paper
BAJAJHLDNG,2026-06-30,10592.0,1,10592.0,2026-07-27,10679.0,87.0,0.82,27,Both lines flipped bearish — trend reversal,Paper
ASHOKLEY,2026-07-03,164.73,60,9883.8,2026-07-27,151.07,-819.6,-8.29,24,Both lines flipped bearish — trend reversal,Paper
TMCV,2026-07-03,440.5,22,9691.0,2026-07-27,406.15,-755.7,-7.8,24,Both lines flipped bearish — trend reversal,Paper
BAJAJHFL,2026-07-03,88.65,112,9928.8,2026-07-27,84.19,-499.52,-5.03,24,Both lines flipped bearish — trend reversal,Paper
COCHINSHIP,2026-07-03,1519.3,6,9115.8,2026-07-27,1392.4,-761.4,-8.35,24,Both lines flipped bearish — trend reversal,Paper
360ONE,2026-07-03,1070.0,9,9630.0,2026-07-27,1102.3,290.7,3.02,24,Both lines flipped bearish — trend reversal,Paper
HDFCAMC,2026-07-06,2800.2,3,8400.6,2026-07-27,2505.7,-883.5,-10.52,21,Stop loss hit (2520.18),Paper
ADANIPORTS,2026-07-22,1844.0,5,9220.0,2026-07-27,1768.3,-378.5,-4.11,5,Both lines flipped bearish — trend reversal,Paper
INOXGREEN,2026-06-23,205.11,48,9845.28,2026-07-29,199.05,-290.88,-2.95,36,Both lines flipped bearish — trend reversal,Paper
MAXHEALTH,2026-06-24,1078.05,9,9702.45,2026-07-29,1114.6,328.95,3.39,35,Both lines flipped bearish — trend reversal,Paper
HDFCBANK,2026-07-01,797.95,12,9575.4,2026-07-29,735.4,-750.6,-7.84,28,Both lines flipped bearish — trend reversal,Paper
MOTILALOFS,2026-07-01,951.3,10,9513.0,2026-07-29,856.15,-951.5,-10.0,28,Stop loss hit (856.17),Paper
DABUR,2026-07-02,444.75,22,9784.5,2026-07-29,424.6,-443.3,-4.53,27,Both lines flipped bearish — trend reversal,Paper
SHRIRAMFIN,2026-07-03,1066.7,9,9600.3,2026-07-29,1040.9,-232.2,-2.42,26,Both lines flipped bearish — trend reversal,Paper
LTF,2026-07-03,315.25,31,9772.75,2026-07-29,311.0,-131.75,-1.35,26,Both lines flipped bearish — trend reversal,Paper
OBEROIRLTY,2026-07-03,1864.7,5,9323.5,2026-07-29,1829.5,-176.0,-1.89,26,Both lines flipped bearish — trend reversal,Paper
JUBLFOOD,2026-07-06,429.6,23,9880.8,2026-07-29,432.2,59.8,0.61,23,Both lines flipped bearish — trend reversal,Paper
ACC,2026-07-06,1393.8,7,9756.6,2026-07-29,1341.8,-364.0,-3.73,23,Both lines flipped bearish — trend reversal,Paper
ATGL,2026-07-13,723.9,13,9410.7,2026-07-29,645.55,-1018.55,-10.82,16,Stop loss hit (651.51),Paper
MARUTI,2026-06-24,13451.0,1,13451.0,2026-07-30,13948.0,497.0,3.69,36,Both lines flipped bearish — trend reversal,Paper
SUNDARMFIN,2026-07-01,4506.7,2,9013.4,2026-07-30,4422.1,-169.2,-1.88,29,Both lines flipped bearish — trend reversal,Paper
SUPRAJIT,2026-06-23,476.2,20,9524.0,2026-07-31,493.5,346.0,3.63,38,Both lines flipped bearish — trend reversal,Paper
ALKYLAMINE,2026-06-09,1846.6,5,9233.0,2026-08-03,1785.6,-305.0,-3.3,55,Both lines flipped bearish — trend reversal,Paper
JINDALSAW,2026-06-15,238.5,41,9778.5,2026-08-03,256.95,756.45,7.74,49,Both lines flipped bearish — trend reversal,Paper
SANOFI,2026-06-22,3341.0,2,6682.0,2026-08-03,3318.0,-46.0,-0.69,42,Both lines flipped bearish — trend reversal,Paper
ITCHOTELS,2026-07-03,176.97,56,9910.32,2026-08-03,162.37,-817.6,-8.25,31,Both lines flipped bearish — trend reversal,Paper
DLF,2026-07-03,658.2,15,9873.0,2026-08-03,659.3,16.5,0.17,31,Both lines flipped bearish — trend reversal,Paper
PRESTIGE,2026-07-03,1674.1,5,8370.5,2026-08-03,1616.2,-289.5,-3.46,31,Both lines flipped bearish — trend reversal,Paper
UCAL,2026-06-16,99.1,100,9910.0,2026-08-05,113.51,1441.0,14.54,50,Both lines flipped bearish — trend reversal,Paper
HDBFS,2026-07-02,752.4,13,9781.2,2026-08-06,675.25,-1002.95,-10.25,35,Stop loss hit (677.16),Paper
GICRE,2026-07-17,367.0,27,9909.0,2026-08-06,359.65,-198.45,-2.0,20,Both lines flipped bearish — trend reversal,Paper
INDIGRID,2026-06-16,171.45,58,9944.1,2026-08-07,177.88,372.94,3.75,52,Both lines flipped bearish — trend reversal,Paper
LUPIN,2026-06-19,2327.1,4,9308.4,2026-08-07,2385.0,231.6,2.49,49,Both lines flipped bearish — trend reversal,Paper
BLUESTARCO,2026-06-24,1661.9,6,9971.4,2026-08-07,1571.0,-545.4,-5.47,44,Both lines flipped bearish — trend reversal,Paper
LICI,2026-07-03,432.1,23,9938.3,2026-08-07,387.55,-1024.65,-10.31,35,Stop loss hit (388.89),Paper
GROWW,2026-07-30,193.71,51,9879.21,2026-08-07,189.04,-238.17,-2.41,8,Both lines flipped bearish — trend reversal,Paper
VOLTAS,2026-07-31,1313.3,7,9193.1,2026-08-07,1275.0,-268.1,-2.92,7,Both lines flipped bearish — trend reversal,Paper
GRINDWELL,2026-06-16,2023.1,4,8092.4,2026-08-10,2133.8,442.8,5.47,55,Both lines flipped bearish — trend reversal,Paper
ERIS,2026-06-18,1411.1,7,9877.7,2026-08-10,1382.4,-200.9,-2.03,53,Both lines flipped bearish — trend reversal,Paper
INDUSTOWER,2026-07-29,381.6,26,9921.6,2026-08-10,386.0,114.4,1.15,12,Both lines flipped bearish — trend reversal,Paper
GREENPANEL,2026-06-12,190.67,52,9914.84,2026-08-11,190.06,-31.72,-0.32,60,Both lines flipped bearish — trend reversal,Paper
ZYDUSWELL,2026-06-18,506.2,19,9617.8,2026-08-11,516.1,188.1,1.96,54,Both lines flipped bearish — trend reversal,Paper
PAGEIND,2026-06-19,40180.0,1,40180.0,2026-08-11,38660.0,-1520.0,-3.78,53,Both lines flipped bearish — trend reversal,Paper
OFSS,2026-07-03,10986.0,1,10986.0,2026-08-11,11890.0,904.0,8.23,39,Both lines flipped bearish — trend reversal,Paper
SRF,2026-06-17,2744.0,3,8232.0,2026-08-12,2570.0,-522.0,-6.34,56,Both lines flipped bearish — trend reversal,Paper
JSWCEMENT,2026-06-22,128.66,77,9906.82,2026-08-12,131.52,220.22,2.22,51,Both lines flipped bearish — trend reversal,Paper
NHPC,2026-07-03,80.59,124,9993.16,2026-08-12,76.95,-451.36,-4.52,40,Both lines flipped bearish — trend reversal,Paper
ADANIENSOL,2026-07-03,1556.9,6,9341.4,2026-08-12,1622.0,390.6,4.18,40,Both lines flipped bearish — trend reversal,Paper
PFC,2026-07-31,426.25,23,9803.75,2026-08-12,381.0,-1040.75,-10.62,12,Stop loss hit (383.62),Paper
JKCEMENT,2026-07-06,5495.5,1,5495.5,2026-08-13,5393.5,-102.0,-1.86,38,Both lines flipped bearish — trend reversal,Paper
GODREJCP,2026-08-05,1085.9,9,9773.1,2026-08-13,910.0,-1583.1,-16.2,8,Stop loss hit (977.31),Paper
PIIND,2026-08-06,2785.5,3,8356.5,2026-08-13,2483.0,-907.5,-10.86,7,Stop loss hit (2506.95),Paper
GREENPLY,2026-06-24,295.7,33,9758.1,2026-08-14,276.65,-628.65,-6.44,51,Both lines flipped bearish — trend reversal,Paper
GODREJIND,2026-07-03,1211.8,8,9694.4,2026-08-14,1235.2,187.2,1.93,42,Both lines flipped bearish — trend reversal,Paper
ONGC,2026-07-22,249.89,40,9995.6,2026-08-14,239.9,-399.6,-4.0,23,Both lines flipped bearish — trend reversal,Paper
SURYODAY,2026-06-11,170.0,58,9860.0,2026-08-17,152.06,-1040.52,-10.55,67,Both lines flipped bearish — trend reversal,Paper
DALBHARAT,2026-07-03,1747.9,5,8739.5,2026-08-17,1842.0,470.5,5.38,45,Both lines flipped bearish — trend reversal,Paper
RECLTD,2026-07-31,374.9,26,9747.4,2026-08-17,335.0,-1037.4,-10.64,17,Stop loss hit (337.41),Paper
GODREJPROP,2026-07-03,1968.7,5,9843.5,2026-08-20,2007.3,193.0,1.96,48,Both lines flipped bearish — trend reversal,Paper
HEXT,2026-07-13,550.25,18,9904.5,2026-08-20,553.3,54.9,0.55,38,Both lines flipped bearish — trend reversal,Paper
ASIANPAINT,2026-08-05,2775.0,3,8325.0,2026-08-20,2630.8,-432.6,-5.2,15,Both lines flipped bearish — trend reversal,Paper
TECHM,2026-07-13,1454.8,6,8728.8,2026-08-21,1592.1,823.8,9.44,39,Both lines flipped bearish — trend reversal,Paper
BHARTIHEXA,2026-07-22,1617.2,6,9703.2,2026-08-21,1615.6,-9.6,-0.1,30,Both lines flipped bearish — trend reversal,Paper
TCS,2026-07-23,2208.3,4,8833.2,2026-08-21,2298.0,358.8,4.06,29,Both lines flipped bearish — trend reversal,Paper
WIPRO,2026-07-24,174.82,57,9964.74,2026-08-21,181.0,352.26,3.54,28,Both lines flipped bearish — trend reversal,Paper
AIIL,2026-08-07,596.2,16,9539.2,2026-08-21,532.3,-1022.4,-10.72,14,Stop loss hit (536.58),Paper
INDHOTEL,2026-06-11,665.85,15,9987.75,2026-08-24,730.0,962.25,9.63,74,Both lines flipped bearish — trend reversal,Paper
MARICO,2026-06-30,839.95,11,9239.45,2026-08-24,849.25,102.3,1.11,55,Both lines flipped bearish — trend reversal,Paper
SBILIFE,2026-07-08,1832.3,5,9161.5,2026-08-25,1761.8,-352.5,-3.85,48,Both lines flipped bearish — trend reversal,Paper
UBL,2026-07-31,1440.2,6,8641.2,2026-08-25,1346.7,-561.0,-6.49,25,Both lines flipped bearish — trend reversal,Paper
ITC,2026-08-05,289.0,34,9826.0,2026-08-25,269.7,-656.2,-6.68,20,Both lines flipped bearish — trend reversal,Paper
BAJAJHLDNG,2026-08-05,11599.0,1,11599.0,2026-08-25,11120.0,-479.0,-4.13,20,Both lines flipped bearish — trend reversal,Paper
KPITTECH,2026-08-06,623.0,16,9968.0,2026-08-25,583.1,-638.4,-6.4,19,Both lines flipped bearish — trend reversal,Paper
IRFC,2026-08-17,87.57,114,9982.98,2026-08-25,85.99,-180.12,-1.8,8,Both lines flipped bearish — trend reversal,Paper
BAJFINANCE,2026-06-24,962.4,10,9624.0,2026-08-26,1087.4,1250.0,12.99,63,Both lines flipped bearish — trend reversal,Paper
COROMANDEL,2026-07-01,2005.0,4,8020.0,2026-08-26,1913.6,-365.6,-4.56,56,Both lines flipped bearish — trend reversal,Paper
SBICARD,2026-07-03,604.55,16,9672.8,2026-08-26,650.3,732.0,7.57,54,Both lines flipped bearish — trend reversal,Paper
POWERGRID,2026-08-06,281.75,35,9861.25,2026-08-26,271.0,-376.25,-3.82,20,Both lines flipped bearish — trend reversal,Paper
MARUTI,2026-08-17,13834.0,1,13834.0,2026-08-26,13678.0,-156.0,-1.13,9,Both lines flipped bearish — trend reversal,Paper
