Symbol,EntryDate,Price,UpperLine,LowerLine,EMA9,EMA30,EMA200
SHYAMMETL,2026-09-23,1097.5,1114.5,1019.0,1078.45,1054.56,938.74
SCHNEIDER,2026-09-23,1214.2,1254.1,1150.0,1213.05,1233.11,1076.26
FINCABLES,2026-09-24,1470.2,1498.0,1197.2,1408.99,1312.71,1016.67
YESBANK,2026-09-24,23.24,24.1,22.07,23.07,22.89,22.22
ANGELONE,2026-09-24,300.0,310.0,280.35,297.43,297.82,284.61
SAREGAMA,2026-09-24,507.0,517.2,475.2,497.97,499.25,436.08
HSCL,2026-10-07,668.55,692.8,636.3,667.48,675.4,594.92
LLOYDSME,2026-10-07,1858.2,1918.8,1765.0,1829.22,1838.44,1621.84
RRKABEL,2026-10-08,2722.5,2806.8,2378.1,2610.58,2565.73,2044.35
MOTILALOFS,2026-10-08,1067.9,1090.25,965.05,1028.93,1008.26,908.86
ENRIN,2026-10-08,3344.0,3408.9,3001.1,3287.39,3260.5,3151.11
JSWINFRA,2026-10-08,353.9,375.5,322.8,356.33,348.01,305.19
BELRISE,2026-10-08,246.31,254.28,225.01,239.78,237.83,210.0
PHOENIXLTD,2026-10-08,1845.5,2035.6,1845.0,1908.71,1918.43,1829.74
DEEPAKFERT,2026-10-08,1415.4,1421.0,1286.0,1351.74,1370.89,1340.09
THELEELA,2026-10-08,602.45,607.25,520.2,571.62,550.57,475.62
