Symbol,EntryDate,EntryPrice,Quantity,TrackType
SCHNEIDER,2026-09-23,1214.2,8,Paper
FINCABLES,2026-09-24,1470.2,6,Paper
SAREGAMA,2026-09-24,507.0,19,Paper
HSCL,2026-10-07,668.55,14,Paper
LLOYDSME,2026-10-07,1858.2,5,Paper
RRKABEL,2026-10-08,2722.5,3,Paper
MOTILALOFS,2026-10-08,1067.9,9,Paper
ENRIN,2026-10-08,3344.0,2,Paper
JSWINFRA,2026-10-08,353.9,28,Paper
BELRISE,2026-10-08,246.31,40,Paper
PHOENIXLTD,2026-10-08,1845.5,5,Paper
DEEPAKFERT,2026-10-08,1415.4,7,Paper
THELEELA,2026-10-08,602.45,16,Paper
NETWEB,2026-10-09,4715.1,2,Paper
MCX,2026-10-09,3255.6,3,Paper
